{
  "AAPL": {
    "ticker": "AAPL",
    "pe": 35.987934,
    "pb": 53.79082,
    "ps": 9.532386,
    "ev_ebitda": 27.805,
    "p_fcf": 50.30299187471564,
    "revenue_growth": 0.079,
    "eps_growth": 0.864,
    "roe": 1.7142199,
    "gross_margins": 0.46905,
    "sector": "Technology",
    "mcap": 3967007326208
  },
  "MSFT": {
    "ticker": "MSFT",
    "pe": 35.335705,
    "pb": 10.1723995,
    "ps": 12.567744,
    "ev_ebitda": 22.296,
    "p_fcf": 69.24312319351023,
    "revenue_growth": 0.184,
    "eps_growth": 0.125,
    "roe": 0.32241002,
    "gross_margins": 0.68764,
    "sector": "Technology",
    "mcap": 3692554092544
  },
  "GOOGL": {
    "ticker": "GOOGL",
    "pe": 27.55237,
    "pb": 8.70446,
    "ps": 8.74074,
    "ev_ebitda": 22.803,
    "p_fcf": 70.19798619259048,
    "revenue_growth": 0.159,
    "eps_growth": 0.33,
    "roe": 0.3545,
    "gross_margins": 0.59172,
    "sector": "Communication Services",
    "mcap": 3369345482752
  },
  "AMZN": {
    "ticker": "AMZN",
    "pe": 34.472496,
    "pb": 7.066528,
    "ps": 3.7793756,
    "ev_ebitda": 19.177,
    "p_fcf": 100.18388809815951,
    "revenue_growth": 0.134,
    "eps_growth": 0.382,
    "roe": 0.24327,
    "gross_margins": 0.50046,
    "sector": "Consumer Cyclical",
    "mcap": 2612795801600
  },
  "META": {
    "ticker": "META",
    "pe": 27.472826,
    "pb": 8.076254,
    "ps": 8.271159,
    "ev_ebitda": 15.993,
    "p_fcf": 84.16899824413923,
    "revenue_growth": 0.262,
    "eps_growth": -0.827,
    "roe": 0.32643002,
    "gross_margins": 0.82013,
    "sector": "Communication Services",
    "mcap": 1567037325312
  },
  "NVDA": {
    "ticker": "NVDA",
    "pe": 53.451702,
    "pb": 45.745197,
    "ps": 27.726328,
    "ev_ebitda": 46.05,
    "p_fcf": 87.36026263517384,
    "revenue_growth": 0.556,
    "eps_growth": 0.592,
    "roe": 1.09417,
    "gross_margins": 0.69847,
    "sector": "Technology",
    "mcap": 4580888281088
  },
  "TSLA": {
    "ticker": "TSLA",
    "pe": 294.19177,
    "pb": 17.85352,
    "ps": 14.937373,
    "ev_ebitda": 130.144,
    "p_fcf": 479.4850361691039,
    "revenue_growth": 0.116,
    "eps_growth": -0.368,
    "roe": 0.06791,
    "gross_margins": 0.17006999,
    "sector": "Consumer Cyclical",
    "mcap": 1428505755648
  },
  "BRK-B": {
    "ticker": "BRK-B",
    "pe": 15.949504,
    "pb": 0.001028408,
    "ps": 2.8928177,
    "ev_ebitda": -2.421,
    "p_fcf": 22.147749915537055,
    "revenue_growth": 0.021,
    "eps_growth": 0.173,
    "roe": 0.1017,
    "gross_margins": 0.24361,
    "sector": "Financial Services",
    "mcap": 1076732231680
  },
  "JPM": {
    "ticker": "JPM",
    "pe": 15.55495,
    "pb": 2.514545,
    "ps": 5.1149144,
    "ev_ebitda": null,
    "p_fcf": null,
    "revenue_growth": 0.088,
    "eps_growth": 0.116,
    "roe": 0.16437,
    "gross_margins": 0.0,
    "sector": "Financial Services",
    "mcap": 855361978368
  },
  "BAC": {
    "ticker": "BAC",
    "pe": 14.535519,
    "pb": 1.4018075,
    "ps": 3.8295903,
    "ev_ebitda": null,
    "p_fcf": null,
    "revenue_growth": 0.126,
    "eps_growth": 0.228,
    "roe": 0.09871,
    "gross_margins": 0.0,
    "sector": "Financial Services",
    "mcap": 388492787712
  },
  "WFC": {
    "ticker": "WFC",
    "pe": 14.174629,
    "pb": 1.6465725,
    "ps": 3.4157076,
    "ev_ebitda": null,
    "p_fcf": null,
    "revenue_growth": 0.075,
    "eps_growth": 0.093,
    "roe": 0.115200005,
    "gross_margins": 0.0,
    "sector": "Financial Services",
    "mcap": 270086832128
  },
  "MS": {
    "ticker": "MS",
    "pe": 16.635246,
    "pb": 2.5778384,
    "ps": 3.7652524,
    "ev_ebitda": null,
    "p_fcf": null,
    "revenue_growth": 0.191,
    "eps_growth": 0.446,
    "roe": 0.15135,
    "gross_margins": 0.86797,
    "sector": "Financial Services",
    "mcap": 258040266752
  },
  "GS": {
    "ticker": "GS",
    "pe": 15.976027,
    "pb": 2.2594743,
    "ps": 4.1133265,
    "ev_ebitda": null,
    "p_fcf": null,
    "revenue_growth": 0.207,
    "eps_growth": 0.371,
    "roe": 0.13532,
    "gross_margins": 0.82997,
    "sector": "Financial Services",
    "mcap": 235845795840
  },
  "V": {
    "ticker": "V",
    "pe": 32.878666,
    "pb": 17.336704,
    "ps": 16.212101,
    "ev_ebitda": 23.229,
    "p_fcf": 32.30648630250475,
    "revenue_growth": 0.115,
    "eps_growth": -0.043,
    "roe": 0.52068,
    "gross_margins": 0.97765,
    "sector": "Financial Services",
    "mcap": 648484028416
  },
  "MA": {
    "ticker": "MA",
    "pe": 35.337387,
    "pb": 62.859577,
    "ps": 15.74845,
    "ev_ebitda": 25.699,
    "p_fcf": 30.48662161616598,
    "revenue_growth": 0.167,
    "eps_growth": 0.203,
    "roe": 1.8486099,
    "gross_margins": 1.0,
    "sector": "Financial Services",
    "mcap": 495666724864
  },
  "PYPL": {
    "ticker": "PYPL",
    "pe": 13.297189,
    "pb": 3.0851657,
    "ps": 1.8854262,
    "ev_ebitda": 9.574,
    "p_fcf": 19.822874255096842,
    "revenue_growth": 0.073,
    "eps_growth": 0.236,
    "roe": 0.24358,
    "gross_margins": 0.41559,
    "sector": "Financial Services",
    "mcap": 61958873088
  },
  "KO": {
    "ticker": "KO",
    "pe": 23.360928,
    "pb": 9.713617,
    "ps": 6.3671722,
    "ev_ebitda": 20.72,
    "p_fcf": 214.7950360234555,
    "revenue_growth": 0.051,
    "eps_growth": 0.298,
    "roe": 0.42442,
    "gross_margins": 0.61632997,
    "sector": "Consumer Defensive",
    "mcap": 303478538240
  },
  "PEP": {
    "ticker": "PEP",
    "pe": 27.176804,
    "pb": 10.093913,
    "ps": 2.1161604,
    "ev_ebitda": 13.975,
    "p_fcf": 27.38511566716378,
    "revenue_growth": 0.027,
    "eps_growth": -0.112,
    "roe": 0.37162,
    "gross_margins": 0.54269004,
    "sector": "Consumer Defensive",
    "mcap": 195461267456
  },
  "PG": {
    "ticker": "PG",
    "pe": 21.456934,
    "pb": 6.5420394,
    "ps": 4.043812,
    "ev_ebitda": 14.937,
    "p_fcf": 28.149584067664403,
    "revenue_growth": 0.03,
    "eps_growth": 0.2,
    "roe": 0.31902,
    "gross_margins": 0.51278996,
    "sector": "Consumer Defensive",
    "mcap": 343453073408
  },
  "JNJ": {
    "ticker": "JNJ",
    "pe": 18.026087,
    "pb": 5.6627316,
    "ps": 4.8779936,
    "ev_ebitda": 14.934,
    "p_fcf": 37.43044538159285,
    "revenue_growth": 0.068,
    "eps_growth": 0.912,
    "roe": 0.33619,
    "gross_margins": 0.68355006,
    "sector": "Healthcare",
    "mcap": 449502216192
  },
  "UNH": {
    "ticker": "UNH",
    "pe": 16.894735,
    "pb": 3.0665405,
    "ps": 0.67488414,
    "ev_ebitda": 12.08,
    "p_fcf": 16.528002118912923,
    "revenue_growth": 0.122,
    "eps_growth": -0.612,
    "roe": 0.17476,
    "gross_margins": 0.19701,
    "sector": "Healthcare",
    "mcap": 293681922048
  },
  "MRK": {
    "ticker": "MRK",
    "pe": 11.412699,
    "pb": 4.139122,
    "ps": 3.3338354,
    "ev_ebitda": 8.11,
    "p_fcf": 16.32496907791896,
    "revenue_growth": 0.037,
    "eps_growth": 0.832,
    "roe": 0.39485002,
    "gross_margins": 0.77852,
    "sector": "Healthcare",
    "mcap": 214148907008
  },
  "PFE": {
    "ticker": "PFE",
    "pe": 14.203488,
    "pb": 1.4968446,
    "ps": 2.2123413,
    "ev_ebitda": 7.611,
    "p_fcf": 9.712906649893997,
    "revenue_growth": -0.059,
    "eps_growth": -0.207,
    "roe": 0.105979994,
    "gross_margins": 0.74808,
    "sector": "Healthcare",
    "mcap": 138901848064
  },
  "T": {
    "ticker": "T",
    "pe": 8.087948,
    "pb": 1.5944263,
    "ps": 1.414131,
    "ev_ebitda": 7.531,
    "p_fcf": 17.05520338323538,
    "revenue_growth": 0.016,
    "eps_growth": null,
    "roe": 0.19139999,
    "gross_margins": 0.59675,
    "sector": "Communication Services",
    "mcap": 176031023104
  },
  "VZ": {
    "ticker": "VZ",
    "pe": 8.535181,
    "pb": 1.6067916,
    "ps": 1.2275968,
    "ev_ebitda": 6.726,
    "p_fcf": 10.972525822550097,
    "revenue_growth": 0.015,
    "eps_growth": 0.497,
    "roe": 0.19875,
    "gross_margins": 0.59415,
    "sector": "Communication Services",
    "mcap": 168783511552
  },
  "CMCSA": {
    "ticker": "CMCSA",